Рыба,Вес (кг),Базовая цена,Экран,Наживка,Папка,Статус
Амур Белый,4.304,124,садок,,"Озеро Луиз, Горох, 4м.",чистая
Амур Белый,5.081,128,садок,,"Озеро Луиз, Горох, 4м.",чистая
Амур Белый,5.725,132,садок,,"Озеро Луиз, Горох, 4м.",чистая
Амур Белый,6.025,133,садок,,"Озеро Луиз, Горох, 4м.",чистая
Амур Белый,6.474,135,садок,,"Озеро Луиз, Горох, 4м.",чистая
Амур Белый,6.539,135,садок,,"Озеро Луиз, Горох, 4м.",чистая
Амур Белый,6.998,138,садок,,"Озеро Луиз, Горох, 4м.",чистая
Амур Белый,8.203,145,садок,,"Озеро Луиз, Горох, 4м.",чистая
Амур Белый,9.204,150,садок,,"Озеро Луиз, Горох, 4м.",чистая
Амур Белый,9.882,153,садок,,"Озеро Луиз, Горох, 4м.",чистая
Амур Белый,9.972,154,садок,,"Озеро Луиз, Горох, 4м.",чистая
Амур Белый,10.210,156,садок,,"Озеро Луиз, Горох, 4м.",чистая
Амур Белый,10.771,158,поимка,Горох,"Озеро Луиз, Горох, 4м.",чистая
Амур Белый,10.771,158,садок,,"Озеро Луиз, Горох, 4м.",чистая
Аравана Серебристая,0.820,72,поимка,Живец (маленький),"Река Амазонка, живец (маленький)",чистая
Аравана Серебристая,0.884,72,поимка,Живец (маленький),"Река Амазонка, живец (маленький)",чистая
Аравана Серебристая,1.134,374,поимка,,"Река Амазонка, живец (маленький)",выброс
Аравана Серебристая,1.222,374,поимка,,"Река Амазонка, живец (маленький)",выброс
Аравана Серебристая,1.273,75,поимка,Живец (маленький),"Река Амазонка, живец (маленький)",чистая
Белоглазка,0.884,267,садок,,"Озеро Луиз, Горох, 4м.",
Белоглазка,0.948,68,садок,,"Холодное озеро, опарыш, 10м., #4.х",
Белоглазка,1.403,30,садок,,"Озеро Тахо, опарыш, #4.х, 3м.",
Белорыбица,11.107,192,садок,,Река Таби,
Большеротый Буффало,8.885,102,поимка,Личинка майского жука,"Озеро Дайл, опарыш, #4.х",чистая
Большеротый Буффало,26.294,150,поимка,Личинка короеда,"Озеро Дайл, опарыш, #4.х",чистая
Жерех,10.177,141,садок,,"Озеро Дайл, опарыш, #4.х",чистая
Жерех,11.842,152,поимка,№5001,Река Таби,чистая
Жерех,11.842,228,садок,,Река Таби,трофей ×1.5
Зеркальный Карп,1.790,109,садок,,"Озеро Тахо, опарыш, #4.х, 3м.",чистая
Зеркальный Карп,1.951,136,садок,,"Озеро Луиз, Горох, 4м.",выброс
Зеркальный Карп,3.029,115,садок,,"Озеро Луиз, Горох, 4м.",чистая
Зеркальный Карп,3.443,139,садок,,"Озеро Луиз, Горох, 4м.",выброс
Зеркальный Карп,3.447,117,садок,,"Озеро Луиз, Горох, 4м.",чистая
Зеркальный Карп,3.447,117,садок,,"Озеро Луиз, Горох, 4м.",чистая
Зеркальный Карп,3.592,117,садок,,"Озеро Луиз, Горох, 4м.",чистая
Зеркальный Карп,3.592,117,садок,,"Озеро Луиз, Горох, 4м.",чистая
Зеркальный Карп,3.668,140,садок,,"Озеро Луиз, Горох, 4м.",выброс
Зеркальный Карп,3.683,140,садок,,"Озеро Тахо, опарыш, #4.х, 3м.",выброс
Зеркальный Карп,4.053,120,садок,,"Озеро Луиз, Горох, 4м.",чистая
Зеркальный Карп,4.199,120,садок,,"Озеро Луиз, Горох, 4м.",чистая
Зеркальный Карп,4.424,121,садок,,"Озеро Тахо, опарыш, #4.х, 3м.",чистая
Зеркальный Карп,4.786,123,садок,,"Озеро Луиз, Горох, 4м.",чистая
Зеркальный Карп,5.268,124,садок,,"Озеро Луиз, Горох, 4м.",чистая
Зеркальный Карп,5.706,127,садок,,"Озеро Луиз, Горох, 4м.",чистая
Зеркальный Карп,5.902,128,садок,,"Озеро Луиз, Горох, 4м.",чистая
Зеркальный Карп,6.005,128,садок,,"Озеро Тахо, опарыш, #4.х, 3м.",чистая
Зеркальный Карп,6.005,128,садок,,"Озеро Тахо, опарыш, #4.х, 3м.",чистая
Зеркальный Карп,6.127,129,садок,,"Озеро Луиз, Горох, 4м.",чистая
Зеркальный Карп,6.414,130,садок,,"Озеро Тахо, опарыш, #4.х, 3м.",чистая
Зеркальный Карп,6.981,133,садок,,"Озеро Луиз, Горох, 4м.",чистая
Зеркальный Карп,7.251,134,садок,,"Озеро Луиз, Горох, 4м.",чистая
Зеркальный Карп,7.343,136,садок,,"Озеро Луиз, Горох, 4м.",выброс
Зеркальный Карп,7.460,135,садок,,"Озеро Луиз, Горох, 4м.",чистая
Зеркальный Карп,8.914,141,садок,,"Озеро Луиз, Горох, 4м.",чистая
Зеркальный Карп,9.626,145,садок,,"Озеро Луиз, Горох, 4м.",чистая
Зеркальный Карп,12.026,156,садок,,"Озеро Луиз, Горох, 4м.",чистая
Зеркальный Карп,12.087,156,садок,,"Озеро Луиз, Горох, 4м.",чистая
Зеркальный Карп,12.186,156,садок,,"Озеро Луиз, Горох, 4м.",чистая
Зеркальный Карп,12.665,158,садок,,"Озеро Луиз, Горох, 4м.",чистая
Зеркальный Карп,12.876,159,садок,,"Озеро Луиз, Горох, 4м.",чистая
Зеркальный Карп,13.361,162,садок,,"Озеро Тахо, опарыш, #4.х, 3м.",чистая
Зеркальный Карп,13.862,163,садок,,"Озеро Тахо, опарыш, #4.х, 3м.",чистая
Зеркальный Карп,13.932,164,садок,,"Озеро Луиз, Горох, 4м.",чистая
Зеркальный Карп,13.932,164,садок,,"Озеро Луиз, Горох, 4м.",чистая
Зеркальный Карп,16.005,172,садок,,"Озеро Тахо, опарыш, #4.х, 3м.",чистая
Зеркальный Карп,20.182,192,садок,,"Озеро Тахо, опарыш, #4.х, 3м.",чистая
Змееголов,3.203,153,садок,,"Река Амазонка, живец (маленький)",выброс
Змееголов,9.049,159,садок,,"Река Амазонка, живец (маленький)",чистая
Змееголов,9.316,2160,садок,,"Река Амазонка, живец (маленький)",выброс
Змееголов,10.321,168,садок,,"Река Амазонка, живец (маленький)",чистая
Змееголов,10.828,171,садок,,"Река Амазонка, живец (маленький)",чистая
Змееголов,11.345,175,садок,,"Река Амазонка, живец (маленький)",чистая
Змееголов,12.060,181,садок,,"Река Амазонка, живец (маленький)",чистая
Змееголов,12.292,182,садок,,"Река Амазонка, живец (маленький)",чистая
Змееголов,12.363,183,садок,,"Река Амазонка, живец (маленький)",чистая
Змееголов,12.363,183,садок,,"Река Амазонка, живец (маленький)",чистая
Змееголов,12.516,184,садок,,"Река Амазонка, живец (маленький)",чистая
Змееголов,12.760,186,садок,,"Река Амазонка, живец (маленький)",чистая
Змееголов,13.028,282,садок,,"Река Амазонка, живец (маленький)",трофей ×1.5
Змееголов,13.105,282,садок,,"Река Амазонка, живец (маленький)",трофей ×1.5
Змееголов,13.114,188,поимка,Живец (маленький),"Река Амазонка, живец (маленький)",чистая
Змееголов,13.215,189,поимка,Живец (маленький),Озеро Вабакими,чистая
Змееголов,13.411,285,поимка,Живец (маленький),"Река Амазонка, живец (маленький)",трофей ×1.5
Змееголов,13.427,285,садок,,"Река Амазонка, живец (маленький)",трофей ×1.5
Змееголов,13.427,285,садок,,"Река Амазонка, живец (маленький)",трофей ×1.5
Змееголов,13.471,285,садок,,"Река Амазонка, живец (маленький)",трофей ×1.5
Китайский Окунь,5.039,100,садок,,Река Таби,чистая
Китайский Окунь,6.272,111,садок,,Река Таби,чистая
Краснобрюхая Пиранья,0.974,62,поимка,Живец (маленький),"Река Амазонка, живец (маленький)",чистая
Краснобрюхая Пиранья,1.044,62,поимка,Живец (маленький),"Река Амазонка, живец (маленький)",чистая
Краснобрюхая Пиранья,1.107,63,поимка,Живец (маленький),"Река Амазонка, живец (маленький)",чистая
Краснобрюхая Пиранья,1.119,63,поимка,Живец (маленький),"Река Амазонка, живец (маленький)",чистая
Краснобрюхая Пиранья,1.126,64,поимка,Живец (маленький),"Река Амазонка, живец (маленький)",чистая
Краснобрюхая Пиранья,1.160,64,поимка,Живец (маленький),"Река Амазонка, живец (маленький)",чистая
Краснобрюхая Пиранья,1.201,64,поимка,Живец (маленький),"Река Амазонка, живец (маленький)",чистая
Краснобрюхая Пиранья,1.254,66,поимка,Живец (маленький),"Река Амазонка, живец (маленький)",чистая
Краснобрюхая Пиранья,1.260,66,поимка,Живец (маленький),"Река Амазонка, живец (маленький)",чистая
Краснобрюхая Пиранья,1.275,66,поимка,Живец (маленький),"Река Амазонка, живец (маленький)",чистая
Краснобрюхая Пиранья,1.289,67,поимка,Живец (маленький),"Река Амазонка, живец (маленький)",чистая
Краснобрюхая Пиранья,2.529,36,поимка,Живец (маленький),"Река Амазонка, живец (маленький)",выброс
Краснобрюхая Пиранья,3.195,105,поимка,Живец (маленький),"Река Амазонка, живец (маленький)",выброс
Краснобрюхая Пиранья,3.617,103,поимка,Живец (маленький),"Река Амазонка, живец (маленький)",чистая
Краснобрюхая Пиранья,3.717,105,поимка,Живец (маленький),"Река Амазонка, живец (маленький)",чистая
Лезвие,3.975,1148,садок,,"Река Амазонка, живец (маленький)",чистая
Лезвие,11.608,2762,садок,,"Река Амазонка, живец (маленький)",чистая
Лезвие,12.451,22940,садок,,"Река Амазонка, живец (маленький)",выброс
Ленок,3.414,109,садок,,"Озеро Луиз, Горох, 4м.",чистая
Ленок,3.640,114,садок,,"Холодное озеро, опарыш, 10м., #4.х",чистая
Ленок,3.704,115,садок,,"Озеро Дайл, опарыш, #4.х",чистая
Ленок,3.820,117,садок,,"Озеро Луиз, Горох, 4м.",чистая
Ленок,4.146,123,садок,,"Холодное озеро, опарыш, 10м., #4.х",чистая
Ленок,4.362,127,садок,,"Холодное озеро, опарыш, 10м., #4.х",чистая
Ленок,4.383,128,садок,,"Холодное озеро, опарыш, 10м., #4.х",чистая
Ленок,4.438,128,садок,,"Озеро Дайл, опарыш, #4.х",чистая
Ленок,4.463,129,садок,,"Озеро Дайл, опарыш, #4.х",чистая
Ленок,4.602,132,садок,,"Озеро Дайл, опарыш, #4.х",чистая
Ленок,4.892,138,садок,,"Озеро Дайл, опарыш, #4.х",чистая
Ленок,4.905,138,садок,,"Озеро Луиз, Горох, 4м.",чистая
Ленок,5.340,146,садок,,"Холодное озеро, опарыш, 10м., #4.х",чистая
Ленок,5.441,147,садок,,"Озеро Луиз, Горох, 4м.",чистая
Ленок,5.441,3147,садок,,"Озеро Луиз, Горох, 4м.",выброс
Ленок,5.656,152,садок,,"Озеро Луиз, Горох, 4м.",чистая
Ленок,5.700,9152,садок,,"Холодное озеро, опарыш, 10м., #4.х",выброс
Ленок,5.924,157,садок,,"Холодное озеро, опарыш, 10м., #4.х",чистая
Ленок,6.171,2162,садок,,"Озеро Луиз, Горох, 4м.",выброс
Ленок,6.220,163,садок,,"Озеро Луиз, Горох, 4м.",чистая
Ленок,6.317,4164,садок,,"Холодное озеро, опарыш, 10м., #4.х",выброс
Ленок,6.463,166,садок,,"Холодное озеро, опарыш, 10м., #4.х",чистая
Ленок,6.690,171,садок,,"Озеро Тахо, опарыш, #4.х, 3м.",чистая
Ленок,6.690,917,поимка,Опарыш,"Озеро Тахо, опарыш, #4.х, 3м.",выброс
Ленок,6.901,175,поимка,Опарыш,"Холодное озеро, опарыш, 10м., #4.х",чистая
Ленок,6.901,262,садок,,"Холодное озеро, опарыш, 10м., #4.х",трофей ×1.5
Ленок,6.953,176,поимка,Опарыш,"Холодное озеро, опарыш, 10м., #4.х",чистая
Ленок,6.953,264,садок,,"Холодное озеро, опарыш, 10м., #4.х",трофей ×1.5
Ленок,7.070,178,поимка,Опарыш,"Холодное озеро, опарыш, 10м., #4.х",чистая
Ленок,7.070,267,садок,,"Холодное озеро, опарыш, 10м., #4.х",трофей ×1.5
Лещ,3.356,282,садок,,"Холодное озеро, опарыш, 10м., #4.х",чистая
Лещ,3.445,2284,садок,,"Холодное озеро, опарыш, 10м., #4.х",выброс
Лещ,4.485,299,садок,,"Холодное озеро, опарыш, 10м., #4.х",чистая
Лещ,4.497,99,садок,,"Холодное озеро, опарыш, 10м., #4.х",выброс
Налим,8.082,262,садок,,"Озеро Дайл, опарыш, #4.х",чистая
Налим,16.209,340,поимка,№5001,"Озеро Дайл, опарыш, #4.х",чистая
Нерка,3.762,105,садок,,"Белые скалы, пиявка, #4.х, 3.0м.",чистая
Нерка,3.881,106,садок,,"Белые скалы, пиявка, #4.х, 3.0м.",чистая
Нерка,3.997,108,садок,,"Белые скалы, пиявка, #4.х, 3.0м.",чистая
Нерка,4.103,2108,садок,,"Белые скалы, пиявка, #4.х, 3.0м.",выброс
Нерка,4.156,109,садок,,"Белые скалы, пиявка, #4.х, 3.0м.",чистая
Нерка,4.182,109,садок,,"Белые скалы, пиявка, #4.х, 3.0м.",чистая
Нерка,4.197,109,садок,,"Белые скалы, пиявка, #4.х, 3.0м.",чистая
Нерка,4.491,111,садок,,Река Таби,чистая
Нерка,4.491,111,садок,,Река Таби,чистая
Нерка,4.526,112,садок,,"Белые скалы, пиявка, #4.х, 3.0м.",чистая
Нерка,4.540,112,садок,,"Белые скалы, пиявка, #4.х, 3.0м.",чистая
Нерка,4.581,112,садок,,"Белые скалы, пиявка, #4.х, 3.0м.",чистая
Нерка,4.581,112,садок,,"Белые скалы, пиявка, #4.х, 3.0м.",чистая
Нерка,4.633,112,садок,,Река Таби,чистая
Нерка,4.806,115,садок,,"Белые скалы, пиявка, #4.х, 3.0м.",чистая
Нерка,4.902,115,садок,,"Белые скалы, пиявка, #4.х, 3.0м.",чистая
Нерка,5.036,117,садок,,Река Таби,чистая
Нерка,5.204,177,садок,,"Белые скалы, пиявка, #4.х, 3.0м.",трофей ×1.5
Обыкновенный Валёк,1.727,46,поимка,№5001,Река Таби,
Окунь Речной,3.100,121,садок,,"Озеро Дайл, опарыш, #4.х",чистая
Окунь Речной,3.108,121,садок,,"Озеро Дайл, опарыш, #4.х",чистая
Окунь Речной,3.108,121,садок,,"Озеро Дайл, опарыш, #4.х",чистая
Окунь Речной,3.110,81,поимка,Опарыш,"Озеро Дайл, опарыш, #4.х",выброс
Окунь Речной,3.110,121,садок,,"Озеро Дайл, опарыш, #4.х",чистая
Окунь Речной,3.111,24,садок,,"Озеро Дайл, опарыш, #4.х",выброс
Окунь Речной,3.113,81,поимка,Опарыш,"Озеро Дайл, опарыш, #4.х",выброс
Окунь Речной,3.113,121,садок,,"Озеро Дайл, опарыш, #4.х",чистая
Окунь Речной,3.122,121,садок,,"Озеро Дайл, опарыш, #4.х",чистая
Окунь Речной,3.138,123,садок,,"Озеро Дайл, опарыш, #4.х",чистая
Окунь Речной,3.148,82,поимка,Опарыш,"Озеро Дайл, опарыш, #4.х",выброс
Окунь Речной,3.148,123,садок,,"Озеро Дайл, опарыш, #4.х",чистая
Окунь Речной,3.160,82,поимка,Опарыш,"Озеро Дайл, опарыш, #4.х",выброс
Окунь Речной,3.160,2123,садок,,"Озеро Дайл, опарыш, #4.х",выброс
Окунь Речной,3.160,147225,садок,,"Озеро Дайл, опарыш, #4.х",выброс
Окунь Речной,3.164,82,поимка,Опарыш,"Озеро Дайл, опарыш, #4.х",выброс
Окунь Речной,3.164,123,садок,,"Озеро Дайл, опарыш, #4.х",чистая
Окунь Речной,3.170,123,садок,,"Озеро Дайл, опарыш, #4.х",чистая
Окунь Речной,3.174,154,садок,,"Озеро Дайл, опарыш, #4.х",выброс
Окунь Речной,3.178,44,садок,,"Озеро Дайл, опарыш, #4.х",выброс
Окунь Речной,3.178,82,поимка,Опарыш,"Озеро Дайл, опарыш, #4.х",выброс
Окунь Речной,3.178,123,садок,,"Озеро Дайл, опарыш, #4.х",чистая
Окунь Речной,3.182,119,поимка,Опарыш,"Озеро Дайл, опарыш, #4.х",выброс
Окунь Речной,3.186,82,поимка,Опарыш,"Озеро Дайл, опарыш, #4.х",выброс
Окунь Речной,3.186,123,садок,,"Озеро Дайл, опарыш, #4.х",чистая
Окунь Речной,3.186,123,садок,,"Озеро Дайл, опарыш, #4.х",чистая
Окунь Речной,3.186,123,садок,,"Озеро Дайл, опарыш, #4.х",чистая
Окунь Речной,3.190,123,садок,,"Озеро Дайл, опарыш, #4.х",чистая
Окунь Речной,3.190,123,садок,,"Озеро Дайл, опарыш, #4.х",чистая
Окунь Речной,3.200,84,поимка,Личинка майского жука,"Озеро Дайл, опарыш, #4.х",выброс
Окунь Речной,3.200,126,садок,,"Озеро Дайл, опарыш, #4.х",выброс
Паку,21.213,3242,садок,,"Река Амазонка, живец (маленький)",
Паку,24.899,411,садок,,"Река Амазонка, живец (маленький)",
Раптор,6.155,1837,садок,,"Река Амазонка, живец (маленький)",
Раптор,6.155,1837,садок,,"Река Амазонка, живец (маленький)",
Сазан,12.447,169,садок,,Озеро Вабакими,чистая
Сазан,12.691,3170,садок,,Озеро Вабакими,выброс
Сазан,12.879,2171,садок,,Озеро Вабакими,выброс
Сазан,13.293,174,садок,,Озеро Вабакими,чистая
Сазан,13.293,2174,садок,,Озеро Вабакими,выброс
Сазан,13.345,175,садок,,Озеро Вабакими,чистая
Сазан,13.345,3175,садок,,Озеро Вабакими,выброс
Сазан,13.440,175,садок,,Озеро Вабакими,чистая
Сазан,17.961,206,поимка,Сыр,Озеро Вабакими,чистая
Сазан,17.961,206,садок,,Озеро Вабакими,чистая
Сазан,18.389,208,поимка,Сыр,Озеро Вабакими,чистая
Сазан,18.389,208,садок,,Озеро Вабакими,чистая
Сом Амурский,1.173,170,садок,,Река Таби,выброс
Сом Амурский,3.530,132,садок,,Река Таби,чистая
Сом Амурский,6.804,162,садок,,Река Таби,чистая
Судак,3.297,164,садок,,Река Таби,
Угорь,3.378,254,садок,,Река Таби,чистая
Угорь,3.384,254,садок,,Река Таби,чистая
Угорь,3.453,2256,садок,,Река Таби,выброс
Угорь,3.496,258,садок,,Река Таби,чистая
Угорь,3.497,258,садок,,Река Таби,чистая
Угорь,3.652,2262,садок,,Река Таби,выброс
Угорь,3.663,262,садок,,Река Таби,чистая
Угорь,3.784,266,садок,,Река Таби,чистая
Хвостокол,9.767,194,поимка,№5001,"Река Амазонка, живец (маленький)",чистая
Хвостокол,9.767,194,садок,,"Река Амазонка, живец (маленький)",чистая
Хвостокол,14.077,218,садок,,"Река Амазонка, живец (маленький)",чистая
Хвостокол,14.077,218,садок,,"Река Амазонка, живец (маленький)",чистая
Щука Амурская,18.425,262,поимка,№5001,Река Таби,
Щука Амурская,18.425,48262,садок,,Река Таби,
Щука Обыкновенная,13.217,211,садок,,Река Таби,
Щука Травянка,1.440,200,садок,,Река Таби,чистая
Щука Травянка,3.102,249,садок,,"Белые скалы, пиявка, #4.х, 3.0м.",чистая
Щука Травянка,3.103,249,садок,,Река Таби,чистая
Щука Травянка,3.103,249,садок,,Река Таби,чистая
Щука Травянка,3.105,249,садок,,Река Таби,чистая
Щука Травянка,3.106,249,садок,,"Белые скалы, пиявка, #4.х, 3.0м.",чистая
Щука Травянка,3.111,250,садок,,"Белые скалы, пиявка, #4.х, 3.0м.",чистая
Щука Травянка,3.115,250,садок,,"Белые скалы, пиявка, #4.х, 3.0м.",чистая
Щука Травянка,3.115,250,садок,,"Белые скалы, пиявка, #4.х, 3.0м.",чистая
Щука Травянка,3.116,250,садок,,"Белые скалы, пиявка, #4.х, 3.0м.",чистая
Щука Травянка,3.121,250,садок,,Река Таби,чистая
Щука Травянка,3.123,250,садок,,"Белые скалы, пиявка, #4.х, 3.0м.",чистая
Щука Травянка,3.124,250,садок,,"Белые скалы, пиявка, #4.х, 3.0м.",чистая
Щука Травянка,3.125,250,садок,,"Белые скалы, пиявка, #4.х, 3.0м.",чистая
Щука Травянка,3.133,3250,садок,,Река Таби,выброс
Щука Травянка,3.134,250,садок,,Река Таби,чистая
Щука Травянка,3.134,2250,садок,,"Белые скалы, пиявка, #4.х, 3.0м.",выброс
Щука Травянка,3.137,250,садок,,Река Таби,чистая
Щука Травянка,3.137,2250,садок,,"Белые скалы, пиявка, #4.х, 3.0м.",выброс
Щука Травянка,3.138,2250,садок,,"Белые скалы, пиявка, #4.х, 3.0м.",выброс
Щука Травянка,3.140,250,садок,,"Белые скалы, пиявка, #4.х, 3.0м.",чистая
Щука Травянка,3.140,250,садок,,"Белые скалы, пиявка, #4.х, 3.0м.",чистая
Щука Травянка,3.140,250,садок,,Река Таби,чистая
Щука Травянка,3.140,250,садок,,Река Таби,чистая
Щука Травянка,3.140,2750,садок,,Река Таби,выброс
Щука Травянка,3.143,250,садок,,"Белые скалы, пиявка, #4.х, 3.0м.",чистая
Щука Травянка,3.143,250,садок,,"Белые скалы, пиявка, #4.х, 3.0м.",чистая
Щука Травянка,3.143,250,садок,,Река Таби,чистая
Щука Травянка,3.143,2750,садок,,"Белые скалы, пиявка, #4.х, 3.0м.",выброс
Электрический Угорь,15.078,192,поимка,Крабовое мясо,"Река Амазонка, живец (маленький)",чистая
Электрический Угорь,18.045,202,поимка,Крабовое мясо,"Река Амазонка, живец (маленький)",выброс
Электрический Угорь,18.431,205,поимка,Крабовое мясо,"Река Амазонка, живец (маленький)",чистая
Электрический Угорь,22.308,220,поимка,Крабовое мясо,"Река Амазонка, живец (маленький)",чистая
Электрический Угорь,26.163,236,поимка,Крабовое мясо,"Река Амазонка, живец (маленький)",чистая
Электрический Угорь,29.185,248,поимка,Крабовое мясо,"Река Амазонка, живец (маленький)",чистая
Электрический Угорь,33.339,265,поимка,Крабовое мясо,"Река Амазонка, живец (маленький)",чистая
Электрический Угорь,33.401,265,поимка,Крабовое мясо,"Река Амазонка, живец (маленький)",чистая
Электрический Угорь,34.707,20,поимка,Крабовое мясо,"Река Амазонка, живец (маленький)",выброс
Электрический Угорь,40.448,292,поимка,Крабовое мясо,"Река Амазонка, живец (маленький)",чистая
Электрический Угорь,41.711,298,поимка,Крабовое мо = —,"Река Амазонка, живец (маленький)",чистая
